{
  "project_info": {
    "project_number": "22156589629",
    "project_id": "coffeeorder-fb503",
    "storage_bucket": "coffeeorder-fb503.appspot.com"
  },
  "client": [
    {
      "client_info": {
        "mobilesdk_app_id": "1:22156589629:android:f076cba6d0469d94b6c854",
        "android_client_info": {
          "package_name": "com.tung.coffeeorder"
        }
      },
      "oauth_client": [
        {
          "client_id": "22156589629-nkhsfb0d0mq2s6rtb7etj2b4vktmotc6.apps.googleusercontent.com",
          "client_type": 3
        }
      ],
      "api_key": [
        {
          "current_key": "AIzaSyDu6fbqI1CsjUEm-URu2chX4EhaW2vE68o"
        }
      ],
      "services": {
        "appinvite_service": {
          "other_platform_oauth_client": [
            {
              "client_id": "22156589629-nkhsfb0d0mq2s6rtb7etj2b4vktmotc6.apps.googleusercontent.com",
              "client_type": 3
            }
          ]
        }
      }
    }
  ],
  "configuration_version": "1"
}